MSE_train,MSE_test,R2_train,R2_test
9.529024016386938,10.263479301056229,0.7948393817041941,0.7277560135982066
