Num_Features,MAE,MSE,RMSE,R2,Train_R2,Test_R2
5,3.9778370622591575,33.39598437193717,5.778925883928359,0.5912314953505382,0.7431606421435445,0.5912314953505382
