MAE,MSE,RMSE,R2,Train_R2,Test_R2
3.7419617821146374,30.50017640105893,5.522696479172011,0.6266763285024717,0.7648872489912191,0.6266763285024717
