MSE_train,MSE_test,R2_train,R2_test
20.057053939548414,30.50017640105893,0.7648872489912191,0.6266763285024717
