MAE,MSE,R2,Train_R2,Test_R2
717605.4932676192,939375166376.0221,0.6956489291232414,0.6728497453554538,0.6956489291232414
