MSE_train,MSE_test,R2_train,R2_test
1.2116446608624016,1.076131647339187,0.6654417740864373,0.6513407731060369
